{
    "AnatomicalLandmarkCoordinates": {
        "LPA": [
            198.400452919852,
            155.54004490645548,
            107.97465190727996
        ],
        "NAS": [
            130.79525421419754,
            120.63120954949959,
            211.3323979184338
        ],
        "RPA": [
            52.85523057607712,
            149.5402357211237,
            111.46541027739532
        ]
    }
}
